User_ID,Product_ID,Gender,Age,Occupation,City_Category,Crime_rate,Stay_In_Current_City_Years,Marital_Status,Product_Category_1,Product_Category_2,Product_Category_3,Purchase,Purchase2
1000001,P00069042,F,0-17,10,A,8,2,0,3,,,8370,0
1000001,P00248942,F,0-17,10,A,6,2,0,1,6,14,15200,1
1000001,P00087842,F,0-17,10,A,17,2,0,12,,,1422,0
1000001,P00085442,F,0-17,10,A,17,2,0,12,14,,1057,0
1000002,P00285442,M,55+,16,C,13,4,0,8,,,7969,0
1000003,P00193542,M,26-35,15,A,6,3,0,1,2,,15227,1
1000004,P00184942,M,46-50,7,B,6,2,1,1,8,17,19215,1
1000004,P00346142,M,46-50,7,B,6,2,1,1,15,,15854,1
1000004,P0097242,M,46-50,7,B,6,2,1,1,16,,15686,1
1000005,P00274942,M,26-35,20,A,13,1,1,8,,,7871,0
1000005,P00251242,M,26-35,20,A,10,1,1,5,11,,5254,0
1000005,P00014542,M,26-35,20,A,13,1,1,8,,,3957,0
1000005,P00031342,M,26-35,20,A,13,1,1,8,,,6073,0
1000005,P00145042,M,26-35,20,A,6,1,1,1,2,5,15665,1
1000006,P00231342,F,51-55,9,A,10,1,0,5,8,14,5378,0
1000006,P00190242,F,51-55,9,A,9,1,0,4,5,,2079,0
1000006,P0096642,F,51-55,9,A,7,1,0,2,3,4,13055,1
1000006,P00058442,F,51-55,9,A,10,1,0,5,14,,8851,0
1000007,P00036842,M,36-45,1,B,6,1,1,1,14,16,11788,1
1000008,P00249542,M,26-35,12,C,6,4,1,1,5,15,19614,1
1000008,P00220442,M,26-35,12,C,10,4,1,5,14,,8584,0
1000008,P00156442,M,26-35,12,C,13,4,1,8,,,9872,0
1000008,P00213742,M,26-35,12,C,13,4,1,8,,,9743,0
1000008,P00214442,M,26-35,12,C,13,4,1,8,,,5982,0
1000008,P00303442,M,26-35,12,C,6,4,1,1,8,14,11927,1
1000009,P00135742,M,26-35,17,C,11,0,0,6,8,,16662,1
1000009,P00039942,M,26-35,17,C,13,0,0,8,,,5887,0
1000009,P00161442,M,26-35,17,C,10,0,0,5,14,,6973,0
1000009,P00078742,M,26-35,17,C,10,0,0,5,8,14,5391,0
1000010,P00085942,F,36-45,1,B,7,4,1,2,4,8,16352,1
1000010,P00118742,F,36-45,1,B,10,4,1,5,11,,8886,0
1000010,P00297942,F,36-45,1,B,13,4,1,8,,,5875,0
1000010,P00266842,F,36-45,1,B,10,4,1,5,,,8854,0
1000010,P00058342,F,36-45,1,B,8,4,1,3,4,,10946,1
1000010,P00032442,F,36-45,1,B,10,4,1,5,,,5152,0
1000010,P00105942,F,36-45,1,B,10,4,1,5,,,7089,0
1000010,P00182642,F,36-45,1,B,7,4,1,2,4,9,12909,1
1000010,P00186942,F,36-45,1,B,10,4,1,5,12,,8770,0
1000010,P00155442,F,36-45,1,B,6,4,1,1,11,15,15212,1
1000010,P00221342,F,36-45,1,B,6,4,1,1,2,5,15705,1
1000010,P00087242,F,36-45,1,B,19,4,1,14,,,7947,0
1000010,P00111142,F,36-45,1,B,6,4,1,1,15,16,18963,1
1000010,P00259342,F,36-45,1,B,10,4,1,5,9,,8718,0
1000010,P0094542,F,36-45,1,B,7,4,1,2,4,9,16406,1
1000010,P00148642,F,36-45,1,B,11,4,1,6,10,13,12642,1
1000010,P00312142,F,36-45,1,B,13,4,1,8,,,10007,1
1000010,P00113242,F,36-45,1,B,6,4,1,1,6,8,11562,1
1000011,P00192642,F,26-35,1,C,13,1,0,8,17,,6171,0
1000011,P00110842,F,26-35,1,C,6,1,0,1,2,5,19327,1
1000011,P00189642,F,26-35,1,C,13,1,0,8,13,,8027,0
1000012,P00304242,M,26-35,12,C,6,2,0,1,6,,15246,1
1000012,P00365242,M,26-35,12,C,10,2,0,5,8,,6865,0
1000013,P00129542,M,46-50,1,C,13,3,1,8,14,,5839,0
1000013,P00140742,M,46-50,1,C,6,3,1,1,15,,15912,1
1000013,P00182342,M,46-50,1,C,6,3,1,1,5,6,12107,1
1000014,P00276642,M,36-45,0,C,13,0,0,8,11,,5848,0
1000015,P00334242,M,26-35,7,A,6,1,0,1,8,,19653,1
1000015,P00247542,M,26-35,7,A,13,1,0,8,16,,5958,0
1000015,P00338442,M,26-35,7,A,6,1,0,1,16,,11415,1
1000015,P00275142,M,26-35,7,A,10,1,0,5,8,,5380,0
1000015,P00333042,M,26-35,7,A,10,1,0,5,8,,3594,0
1000015,P00166242,M,26-35,7,A,13,1,0,8,,,4209,0
1000015,P00161942,M,26-35,7,A,10,1,0,5,8,,5407,0
1000015,P00348242,M,26-35,7,A,13,1,0,8,,,7803,0
1000015,P00042142,M,26-35,7,A,6,1,0,1,2,6,11458,1
1000016,P00244242,F,36-45,0,C,6,0,1,1,2,15,11755,1
1000016,P00217742,F,36-45,0,C,10,0,1,5,14,,8702,0
1000017,P00019342,M,51-55,1,C,6,0,0,1,6,15,15872,1
1000017,P00100642,M,51-55,1,C,10,0,0,5,15,,8609,0
1000017,P00073842,M,51-55,1,C,6,0,0,1,15,17,15172,1
1000018,P00366542,F,18-25,3,B,10,3,0,5,,,1780,0
1000018,P00190742,F,18-25,3,B,8,3,0,3,4,9,10754,1
1000018,P00151842,F,18-25,3,B,9,3,0,4,8,9,2802,0
1000018,P00112642,F,18-25,3,B,6,3,0,1,2,5,19473,1
1000018,P00118442,F,18-25,3,B,6,3,0,1,2,,19672,1
1000018,P00034442,F,18-25,3,B,6,3,0,1,14,16,19313,1
1000018,P00222242,F,18-25,3,B,6,3,0,1,2,13,15182,1
1000018,P00118342,F,18-25,3,B,7,3,0,2,3,15,15985,1
1000018,P00324742,F,18-25,3,B,7,3,0,2,9,14,16454,1
1000018,P00190042,F,18-25,3,B,8,3,0,3,4,5,13551,1
1000018,P0094142,F,18-25,3,B,9,3,0,4,5,,697,0
1000018,P00138542,F,18-25,3,B,10,3,0,5,6,,7030,0
1000018,P00158542,F,18-25,3,B,10,3,0,5,6,13,5430,0
1000018,P00157542,F,18-25,3,B,13,3,0,8,14,,8011,0
1000018,P00044142,F,18-25,3,B,13,3,0,8,16,,5912,0
1000019,P00112542,M,0-17,10,A,6,3,0,1,11,15,7746,0
1000019,P00339542,M,0-17,10,A,6,3,0,1,,,19525,1
1000019,P00127842,M,0-17,10,A,6,3,0,1,2,15,11959,1
1000019,P00125942,M,0-17,10,A,6,3,0,1,2,15,19172,1
1000019,P00251342,M,0-17,10,A,10,3,0,5,11,,8773,0
1000019,P00249642,M,0-17,10,A,8,3,0,3,5,,11023,1
1000019,P00124842,M,0-17,10,A,16,3,0,11,,,4654,0
1000019,P00250642,M,0-17,10,A,16,3,0,11,,,4664,0
1000019,P00058142,M,0-17,10,A,8,3,0,3,4,12,8290,0
1000019,P00117442,M,0-17,10,A,10,3,0,5,14,,7011,0
1000019,P00251642,M,0-17,10,A,6,3,0,1,2,4,4211,0
1000019,P00244842,M,0-17,10,A,16,3,0,11,,,1539,0
1000021,P00220242,M,18-25,16,B,8,0,0,3,12,,3055,0
1000022,P00351142,M,18-25,15,A,6,4,0,1,8,17,12099,1
1000022,P00213242,M,18-25,15,A,10,4,0,5,8,,8797,0
1000022,P00195942,M,18-25,15,A,8,4,0,3,4,,10681,1
1000022,P00115642,M,18-25,15,A,13,4,0,8,14,,7801,0
1000022,P0098242,M,18-25,15,A,6,4,0,1,16,,15517,1
1000022,P00262242,M,18-25,15,A,6,4,0,1,11,16,12098,1
1000022,P00258742,M,18-25,15,A,10,4,0,5,,,6976,0
1000022,P00218242,M,18-25,15,A,10,4,0,5,8,,5384,0
1000022,P00021742,M,18-25,15,A,10,4,0,5,,,6973,0
1000022,P00313042,M,18-25,15,A,10,4,0,5,14,,5168,0
1000022,P00133742,M,18-25,15,A,10,4,0,5,14,,3449,0
1000022,P00077042,M,18-25,15,A,10,4,0,5,,,7177,0
1000022,P00280542,M,18-25,15,A,16,4,0,11,,,4570,0
1000022,P00225842,M,18-25,15,A,7,4,0,2,4,15,9564,0
1000023,P00278942,M,36-45,0,B,6,3,1,1,2,3,15766,1
1000023,P00004742,M,36-45,0,B,11,3,1,6,16,,8481,0
1000023,P00198042,M,36-45,0,B,16,3,1,11,16,,6108,0
1000023,P00177442,M,36-45,0,B,6,3,1,1,6,8,15354,1
1000023,P00000642,M,36-45,0,B,6,3,1,1,6,16,12015,1
1000023,P00288942,M,36-45,0,B,6,3,1,1,2,5,15371,1
1000023,P00270942,M,36-45,0,B,6,3,1,1,2,15,19239,1
1000023,P00345842,M,36-45,0,B,7,3,1,2,8,14,16137,1
1000023,P00032042,M,36-45,0,B,6,3,1,1,2,15,11887,1
1000023,P00313042,M,36-45,0,B,10,3,1,5,14,,5183,0
1000023,P00112342,M,36-45,0,B,18,3,1,13,16,,584,0
1000023,P00031842,M,36-45,0,B,6,3,1,1,5,12,7601,0
1000024,P00346642,F,26-35,7,A,13,3,1,8,,,2230,0
1000024,P00205642,F,26-35,7,A,10,3,1,5,8,,6940,0
1000024,P00248942,F,26-35,7,A,6,3,1,1,6,14,15774,1
1000025,P00206442,M,18-25,4,C,6,4,0,1,5,9,15361,1
1000025,P00046742,M,18-25,4,C,6,4,0,1,2,15,15770,1
1000025,P00120042,M,18-25,4,C,6,4,0,1,2,,18974,1
1000026,P00043242,M,26-35,7,B,10,2,1,5,,,1848,0
1000026,P00057242,M,26-35,7,B,10,2,1,5,,,3624,0
1000026,P00022842,M,26-35,7,B,10,2,1,5,,,5275,0
1000026,P00252042,M,26-35,7,B,10,2,1,5,14,,5356,0
1000026,P00042242,M,26-35,7,B,10,2,1,5,15,,5411,0
1000026,P00059542,M,26-35,7,B,7,2,1,2,4,,9734,0
1000026,P00346642,M,26-35,7,B,13,2,1,8,,,7814,0
1000026,P00021242,M,26-35,7,B,13,2,1,8,16,,6098,0
1000026,P00023042,M,26-35,7,B,10,2,1,5,14,,5195,0
1000026,P00144242,M,26-35,7,B,10,2,1,5,14,,5220,0
1000026,P00101342,M,26-35,7,B,11,2,1,6,8,,16093,1
1000026,P00289342,M,26-35,7,B,10,2,1,5,8,14,3702,0
1000027,P00281742,M,26-35,11,C,10,1,1,5,8,18,8696,0
1000027,P00266642,M,26-35,11,C,6,1,1,1,8,9,7730,0
1000027,P00323742,M,26-35,11,C,13,1,1,8,,,9836,0
1000027,P00116342,M,26-35,11,C,7,1,1,2,,,16500,1
1000027,P00117142,M,26-35,11,C,7,1,1,2,17,,15903,1
1000028,P00084442,F,26-35,1,C,18,2,1,13,16,,758,0
1000028,P00331542,F,26-35,1,C,10,2,1,5,8,,6904,0
1000028,P00118742,F,26-35,1,C,10,2,1,5,11,,8690,0
1000028,P00178942,F,26-35,1,C,10,2,1,5,8,,8624,0
1000028,P00026042,F,26-35,1,C,13,2,1,8,14,17,3904,0
1000029,P00233542,M,36-45,7,C,6,1,0,1,15,,19068,1
1000029,P00127242,M,36-45,7,C,6,1,0,1,16,,7963,0
1000029,P00349942,M,36-45,7,C,6,1,0,1,5,,15511,1
1000029,P00303342,M,36-45,7,C,6,1,0,1,16,,11859,1
1000030,P00051442,F,36-45,7,C,13,3,0,8,17,,9735,0
1000030,P00275642,F,36-45,7,C,13,3,0,8,,,4166,0
1000030,P00278642,F,36-45,7,C,10,3,0,5,,,6927,0
1000031,P00117442,M,55+,7,C,10,2,0,5,14,,8596,0
1000031,P00322042,M,55+,7,C,10,2,0,5,8,,5248,0
1000031,P00216342,M,55+,7,C,8,2,0,3,4,5,10592,1
1000031,P00329342,M,55+,7,C,10,2,0,5,,,3482,0
1000032,P00332342,F,26-35,0,C,10,3,1,5,8,,7134,0
1000033,P00285442,M,46-50,3,A,13,1,1,8,,,7854,0
1000033,P00111742,M,46-50,3,A,20,1,1,15,,,17391,1
1000033,P00293742,M,46-50,3,A,13,1,1,8,,,6074,0
1000033,P00032842,M,46-50,3,A,13,1,1,8,,,6119,0
1000033,P00216142,M,46-50,3,A,6,1,1,1,16,,15333,1
1000033,P00001642,M,46-50,3,A,13,1,1,8,16,,6129,0
1000033,P00351842,M,46-50,3,A,10,1,1,5,,,5265,0
1000033,P00145442,M,46-50,3,A,13,1,1,8,15,,7888,0
1000033,P00344242,M,46-50,3,A,13,1,1,8,10,,4035,0
1000033,P00327242,M,46-50,3,A,10,1,1,5,8,,5280,0
1000033,P00241142,M,46-50,3,A,13,1,1,8,,,7909,0
1000033,P00219242,M,46-50,3,A,9,1,1,4,5,,811,0
1000033,P00057342,M,46-50,3,A,9,1,1,4,5,,2846,0
1000033,P00165742,M,46-50,3,A,13,1,1,8,16,,7994,0
1000033,P00154642,M,46-50,3,A,13,1,1,8,,,3897,0
1000034,P00192942,F,18-25,0,A,10,0,0,5,,,6996,0
1000034,P00247042,F,18-25,0,A,10,0,0,5,14,,8593,0
1000034,P00150542,F,18-25,0,A,10,0,0,5,,,6917,0
1000034,P00347142,F,18-25,0,A,10,0,0,5,,,5329,0
1000034,P00326742,F,18-25,0,A,16,0,0,11,,,5942,0
1000034,P00085942,F,18-25,0,A,7,0,0,2,4,8,15895,1
1000034,P00330442,F,18-25,0,A,10,0,0,5,14,,7165,0
1000034,P00327842,F,18-25,0,A,13,0,0,8,16,,9846,0
1000034,P00218342,F,18-25,0,A,10,0,0,5,,,8701,0
1000034,P00259042,F,18-25,0,A,10,0,0,5,,,8757,0
1000035,P00102542,M,46-50,1,C,13,4,1,8,,,6109,0
1000035,P00285442,M,46-50,1,C,13,4,1,8,,,6139,0
1000035,P00121142,M,46-50,1,C,13,4,1,8,,,5897,0
1000035,P00228242,M,46-50,1,C,13,4,1,8,,,3990,0
1000035,P00129542,M,46-50,1,C,13,4,1,8,14,,6153,0
1000035,P00309542,M,46-50,1,C,10,4,1,5,14,,5319,0
1000035,P00106742,M,46-50,1,C,8,4,1,3,5,,10767,1
1000036,P00102642,M,26-35,3,B,9,0,0,4,8,9,2832,0
1000036,P00127442,M,26-35,3,B,6,0,0,1,2,15,8066,0
1000036,P00345642,M,26-35,3,B,6,0,0,1,15,16,15812,1
1000036,P00357842,M,26-35,3,B,10,0,0,5,,,6967,0
1000036,P00115342,M,26-35,3,B,10,0,0,5,8,14,6922,0
1000036,P00174442,M,26-35,3,B,10,0,0,5,,,8621,0
1000036,P00282642,M,26-35,3,B,10,0,0,5,,,7030,0
1000036,P00150542,M,26-35,3,B,10,0,0,5,,,7172,0
1000036,P00037142,M,26-35,3,B,6,0,0,1,2,5,15769,1
1000036,P00192042,M,26-35,3,B,10,0,0,5,9,14,6871,0
1000036,P00197542,M,26-35,3,B,10,0,0,5,,,7171,0
1000036,P00048742,M,26-35,3,B,10,0,0,5,,,7139,0
1000036,P00110142,M,26-35,3,B,12,0,0,7,,,16280,1
1000036,P00120842,M,26-35,3,B,13,0,0,8,17,,9894,0
1000036,P00267742,M,26-35,3,B,10,0,0,5,,,3664,0
1000036,P00086442,M,26-35,3,B,13,0,0,8,13,15,7869,0
1000036,P00331842,M,26-35,3,B,21,0,0,16,,,16866,1
1000036,P00288642,M,26-35,3,B,21,0,0,16,,,20442,1
1000036,P00318742,M,26-35,3,B,6,0,0,1,8,,11518,1
1000036,P00028442,M,26-35,3,B,6,0,0,1,8,16,15285,1
1000036,P00208342,M,26-35,3,B,6,0,0,1,16,,15524,1
1000036,P00193542,M,26-35,3,B,6,0,0,1,2,,19278,1
1000036,P00277442,M,26-35,3,B,6,0,0,1,6,15,15445,1
1000037,P00085242,F,26-35,9,C,13,1,0,8,14,17,8034,0
1000039,P00279442,M,18-25,4,B,21,2,0,16,,,12464,1
1000039,P00351142,M,18-25,4,B,6,2,0,1,8,17,15319,1
1000041,P00235242,F,18-25,4,C,13,3,0,8,,,5915,0
1000041,P00251542,F,18-25,4,C,16,3,0,11,16,,6025,0
1000042,P00046742,M,26-35,8,C,6,0,1,1,2,15,19433,1
1000042,P00003242,M,26-35,8,C,13,0,1,8,15,,6027,0
1000042,P00221542,M,26-35,8,C,10,0,1,5,15,,7040,0
1000042,P00142142,M,26-35,8,C,6,0,1,1,2,15,11965,1
1000042,P00044442,M,26-35,8,C,6,0,1,1,16,,15469,1
1000042,P00147742,M,26-35,8,C,6,0,1,1,16,,11925,1
1000042,P00030942,M,26-35,8,C,9,0,1,4,5,9,2826,0
1000042,P00288042,M,26-35,8,C,13,0,1,8,,,4013,0
1000042,P00313142,M,26-35,8,C,13,0,1,8,,,5914,0
1000042,P00195442,M,26-35,8,C,10,0,1,5,,,7176,0
1000043,P00255842,M,26-35,12,A,21,0,0,16,,,20961,1
1000044,P00112142,M,46-50,17,B,6,3,1,1,2,14,19072,1
1000044,P00120342,M,46-50,17,B,10,3,1,5,17,,7179,0
1000044,P00110542,M,46-50,17,B,13,3,1,8,,,7995,0
1000044,P00279942,M,46-50,17,B,13,3,1,8,,,4124,0
1000044,P00303742,M,46-50,17,B,13,3,1,8,,,7772,0
1000044,P00140742,M,46-50,17,B,6,3,1,1,15,,11799,1
1000044,P00190042,M,46-50,17,B,8,3,1,3,4,5,13251,1
1000044,P00316742,M,46-50,17,B,9,3,1,4,5,,3524,0
1000044,P00233542,M,46-50,17,B,6,3,1,1,15,,15853,1
1000044,P00115242,M,46-50,17,B,10,3,1,5,8,,1728,0
1000044,P00338442,M,46-50,17,B,6,3,1,1,16,,11693,1
1000044,P00302842,M,46-50,17,B,13,3,1,8,13,,7852,0
1000044,P00124842,M,46-50,17,B,16,3,1,11,,,1582,0
1000045,P00066442,F,46-50,16,A,10,1,1,5,14,,6950,0
1000045,P00273442,F,46-50,16,A,17,1,1,12,14,17,1414,0
1000045,P00210142,F,46-50,16,A,19,1,1,14,,,4325,0
1000045,P00212542,F,46-50,16,A,13,1,1,8,14,,4028,0
1000045,P00321742,F,46-50,16,A,10,1,1,5,8,17,3432,0
1000045,P00020042,F,46-50,16,A,10,1,1,5,8,,3715,0
1000045,P00051942,F,46-50,16,A,10,1,1,5,6,11,3540,0
1000045,P00251342,F,46-50,16,A,10,1,1,5,11,,5352,0
1000045,P00303542,F,46-50,16,A,10,1,1,5,,,1828,0
1000045,P00228142,F,46-50,16,A,10,1,1,5,,,7159,0
1000046,P00123142,M,18-25,19,C,16,4,0,11,,,7614,0
1000046,P00079542,M,18-25,19,C,10,4,0,5,8,,1784,0
1000046,P00103142,M,18-25,19,C,6,4,0,1,,,3978,0
1000046,P00305542,M,18-25,19,C,16,4,0,11,,,7478,0
1000047,P00031042,M,18-25,4,C,13,4,1,8,,,8043,0
1000047,P00260042,M,18-25,4,C,10,4,1,5,8,,6912,0
1000048,P00055642,M,26-35,4,B,9,3,1,4,5,,1447,0
1000048,P00312742,M,26-35,4,B,20,3,1,15,,,4338,0
1000048,P00010742,M,26-35,4,B,6,3,1,1,8,17,19352,1
1000048,P00147742,M,26-35,4,B,6,3,1,1,16,,11420,1
1000048,P00303742,M,26-35,4,B,13,3,1,8,,,5897,0
1000048,P00223242,M,26-35,4,B,10,3,1,5,14,,7048,0
1000048,P00114942,M,26-35,4,B,6,3,1,1,15,16,15783,1
1000048,P00277442,M,26-35,4,B,6,3,1,1,6,15,11396,1
1000048,P00183242,M,26-35,4,B,10,3,1,5,15,,5180,0
1000048,P00030842,M,26-35,4,B,6,3,1,1,2,15,15549,1
1000048,P00220142,M,26-35,4,B,6,3,1,1,15,,11935,1
1000048,P00130442,M,26-35,4,B,8,3,1,3,5,,8091,0
1000048,P00323042,M,26-35,4,B,10,3,1,5,,,7001,0
1000048,P00344742,M,26-35,4,B,10,3,1,5,,,1747,0
1000048,P00182442,M,26-35,4,B,10,3,1,5,11,,5252,0
1000048,P00015342,M,26-35,4,B,7,3,1,2,4,,6407,0
1000048,P00113242,M,26-35,4,B,6,3,1,1,6,8,15466,1
1000048,P00288042,M,26-35,4,B,13,3,1,8,,,7781,0
1000048,P00103042,M,26-35,4,B,6,3,1,1,14,,15849,1
1000048,P00187842,M,26-35,4,B,6,3,1,1,16,,11430,1
1000048,P00162442,M,26-35,4,B,6,3,1,1,16,,11404,1
1000048,P00078542,M,26-35,4,B,6,3,1,1,2,16,11853,1
1000048,P0094142,M,26-35,4,B,9,3,1,4,5,,1446,0
1000048,P00324442,M,26-35,4,B,16,3,1,11,13,16,3101,0
1000048,P00041642,M,26-35,4,B,10,3,1,5,,,3694,0
1000048,P00050542,M,26-35,4,B,10,3,1,5,,,3696,0
1000048,P00006442,M,26-35,4,B,10,3,1,5,,,3580,0
1000049,P00051442,M,18-25,12,C,13,4,1,8,17,,9879,0
1000049,P00350942,M,18-25,12,C,8,4,1,3,4,5,10783,1
1000049,P00000142,M,18-25,12,C,8,4,1,3,4,5,13353,1
1000049,P00127242,M,18-25,12,C,6,4,1,1,16,,15715,1
1000049,P00034042,M,18-25,12,C,6,4,1,1,2,16,11463,1
1000049,P00143142,M,18-25,12,C,13,4,1,8,14,,7763,0
1000050,P00317942,F,26-35,2,A,13,1,1,8,16,,5878,0
1000050,P00335542,F,26-35,2,A,13,1,1,8,,,5845,0
1000051,P00361842,F,0-17,10,C,20,2,0,15,16,,17271,1
1000052,P00147942,M,18-25,4,C,6,0,0,1,16,,15244,1
1000052,P00000642,M,18-25,4,C,6,0,0,1,6,16,19060,1
1000052,P00037142,M,18-25,4,C,6,0,0,1,2,5,15772,1
1000052,P00028042,M,18-25,4,C,6,0,0,1,16,,8159,0
1000053,P00117542,M,26-35,0,B,23,1,0,18,,,3794,0
1000053,P00120342,M,26-35,0,B,10,1,0,5,17,,8637,0
1000053,P00130742,M,26-35,0,B,6,1,0,1,14,17,19251,1
1000053,P00024142,M,26-35,0,B,13,1,0,8,9,14,10021,1
1000053,P00127242,M,26-35,0,B,6,1,0,1,16,,15734,1
1000053,P00209742,M,26-35,0,B,6,1,0,1,11,15,19662,1
1000053,P00160042,M,26-35,0,B,6,1,0,1,13,16,19416,1
1000053,P00042342,M,26-35,0,B,13,1,0,8,16,,5996,0
1000053,P00016542,M,26-35,0,B,6,1,0,1,6,16,11937,1
1000053,P00016742,M,26-35,0,B,6,1,0,1,15,16,15859,1
1000053,P00227642,M,26-35,0,B,6,1,0,1,5,14,11723,1
1000053,P00146142,M,26-35,0,B,6,1,0,1,2,15,11793,1
1000053,P00070542,M,26-35,0,B,8,1,0,3,15,,13689,1
1000053,P00129842,M,26-35,0,B,11,1,0,6,8,15,16306,1
1000053,P00243942,M,26-35,0,B,6,1,0,1,2,15,19171,1
1000053,P00246742,M,26-35,0,B,16,1,0,11,15,,1629,0
1000053,P00310142,M,26-35,0,B,10,1,0,5,15,,6931,0
1000053,P00244142,M,26-35,0,B,6,1,0,1,2,15,12004,1
1000053,P00085442,M,26-35,0,B,17,1,0,12,14,,1752,0
1000053,P00190142,M,26-35,0,B,8,1,0,3,4,5,10766,1
1000053,P00109242,M,26-35,0,B,11,1,0,6,8,10,20529,1
1000053,P00089342,M,26-35,0,B,13,1,0,8,,,9856,0
1000053,P00288542,M,26-35,0,B,13,1,0,8,,,8000,0
1000053,P00212242,M,26-35,0,B,13,1,0,8,,,10038,1
1000053,P00319342,M,26-35,0,B,10,1,0,5,8,,8685,0
1000053,P00302942,M,26-35,0,B,13,1,0,8,,,7796,0
1000053,P00145942,M,26-35,0,B,11,1,0,6,8,13,20474,1
1000053,P00026342,M,26-35,0,B,13,1,0,8,,,7820,0
1000053,P00148842,M,26-35,0,B,11,1,0,6,8,16,16477,1
1000054,P00299842,M,51-55,1,C,13,4,1,8,,,6198,0
1000054,P00313342,M,51-55,1,C,10,4,1,5,,,5185,0
1000056,P00102442,M,36-45,20,C,13,0,1,8,,,5980,0
1000056,P00237542,M,36-45,20,C,6,0,1,1,15,16,11370,1
1000056,P00213742,M,36-45,20,C,13,0,1,8,,,9834,0
1000056,P0099342,M,36-45,20,C,10,0,1,5,8,,2012,0
1000057,P00171542,M,18-25,19,C,7,2,0,2,5,14,3581,0
1000057,P00135742,M,18-25,19,C,11,2,0,6,8,,12131,1
1000057,P00350342,M,18-25,19,C,6,2,0,1,6,,4290,0
1000058,P00110742,M,26-35,2,B,6,3,0,1,2,8,15824,1
1000058,P00117642,M,26-35,2,B,15,3,0,10,16,,23603,1
1000058,P00114142,M,26-35,2,B,13,3,0,8,,,9940,0
1000058,P00119142,M,26-35,2,B,8,3,0,3,4,12,13557,1
1000058,P00280742,M,26-35,2,B,11,3,0,6,8,,16420,1
1000058,P00271142,M,26-35,2,B,10,3,0,5,,,8842,0
1000058,P00348242,M,26-35,2,B,13,3,0,8,,,7959,0
1000058,P00003942,M,26-35,2,B,10,3,0,5,14,,6987,0
1000058,P00282642,M,26-35,2,B,10,3,0,5,,,6855,0
1000058,P00288642,M,26-35,2,B,21,3,0,16,,,16579,1
1000058,P00151742,M,26-35,2,B,13,3,0,8,15,16,5851,0
1000058,P00244142,M,26-35,2,B,6,3,0,1,2,15,8147,0
1000058,P00050642,M,26-35,2,B,20,3,0,15,16,,12850,1
1000059,P00114742,F,51-55,1,B,13,4,1,8,,,5899,0
1000059,P00113942,F,51-55,1,B,13,4,1,8,,,3993,0
1000059,P00120942,F,51-55,1,B,13,4,1,8,,,8084,0
1000059,P00083842,F,51-55,1,B,10,4,1,5,14,,7159,0
1000059,P00148642,F,51-55,1,B,11,4,1,6,10,13,12014,1
1000059,P00317842,F,51-55,1,B,13,4,1,8,,,8007,0
1000059,P00030642,F,51-55,1,B,13,4,1,8,,,6141,0
1000059,P00273642,F,51-55,1,B,13,4,1,8,14,,9695,0
1000059,P00002542,F,51-55,1,B,13,4,1,8,14,,5900,0
1000059,P00331642,F,51-55,1,B,17,4,1,12,,,1384,0
1000059,P00331242,F,51-55,1,B,17,4,1,12,17,,1432,0
1000059,P0096442,F,51-55,1,B,9,4,1,4,5,12,2074,0
1000059,P00050242,F,51-55,1,B,13,4,1,8,,,7864,0
1000059,P00131942,F,51-55,1,B,12,4,1,7,,,8784,0
1000059,P00010742,F,51-55,1,B,6,4,1,1,8,17,7988,0
1000060,P00150542,M,51-55,1,C,10,1,1,5,,,2048,0
1000060,P00132042,M,51-55,1,C,18,1,1,13,16,,742,0
1000061,P00334242,M,26-35,17,C,6,1,0,1,8,,15365,1
1000062,P00013742,F,36-45,3,A,10,1,0,5,,,5234,0
1000062,P00036842,F,36-45,3,A,6,1,0,1,14,16,11694,1
1000062,P00119342,F,36-45,3,A,15,1,0,10,13,,23792,1
1000062,P00182142,F,36-45,3,A,6,1,0,1,5,6,15654,1
1000062,P00188942,F,36-45,3,A,13,1,0,8,,,9844,0
1000062,P00203142,F,36-45,3,A,21,1,0,16,,,16698,1
1000062,P00320442,F,36-45,3,A,11,1,0,6,10,,15957,1
1000062,P00121642,F,36-45,3,A,10,1,0,5,14,,8599,0
1000062,P00289542,F,36-45,3,A,13,1,0,8,,,8138,0
1000062,P00329742,F,36-45,3,A,11,1,0,6,16,,12422,1
1000062,P00326642,F,36-45,3,A,13,1,0,8,,,7766,0
1000062,P00346142,F,36-45,3,A,6,1,0,1,15,,15208,1
1000062,P00336142,F,36-45,3,A,10,1,0,5,12,,5284,0
1000062,P00111442,F,36-45,3,A,13,1,0,8,,,7965,0
1000062,P00087242,F,36-45,3,A,19,1,0,14,,,11279,1
1000063,P00234742,M,18-25,4,C,13,2,0,8,,,5881,0
1000063,P00021742,M,18-25,4,C,10,2,0,5,,,8587,0
1000063,P00090842,M,18-25,4,C,16,2,0,11,15,,7552,0
1000063,P00214542,M,18-25,4,C,13,2,0,8,,,2226,0
1000064,P00110942,M,18-25,1,A,6,1,1,1,2,,19462,1
1000065,P00289942,M,36-45,12,C,8,2,1,3,4,5,13253,1
1000065,P00147942,M,36-45,12,C,6,2,1,1,16,,19420,1
1000065,P00216142,M,36-45,12,C,6,2,1,1,16,,19409,1
1000065,P00104842,M,36-45,12,C,13,2,1,8,,,9889,0
1000065,P00113142,M,36-45,12,C,6,2,1,1,5,12,15628,1
1000065,P00177942,M,36-45,12,C,10,2,1,5,8,,7053,0
1000066,P00265242,M,26-35,18,C,10,2,0,5,8,,8652,0
1000067,P00118142,F,51-55,5,C,13,4,1,8,17,,8088,0
1000067,P00003642,F,51-55,5,C,13,4,1,8,,,9878,0
1000067,P00178342,F,51-55,5,C,13,4,1,8,,,7771,0
1000068,P00289742,M,18-25,4,A,13,0,0,8,,,9938,0
1000068,P00085042,M,18-25,4,A,10,0,0,5,6,,7036,0
1000068,P00248942,M,18-25,4,A,6,0,0,1,6,14,11429,1
1000069,P00184942,F,26-35,1,A,6,1,0,1,8,17,11715,1
1000069,P00041542,F,26-35,1,A,13,1,0,8,,,7973,0
1000070,P00249142,M,18-25,4,A,10,2,0,5,,,7076,0
1000070,P00284042,M,18-25,4,A,13,2,0,8,17,,2304,0
1000071,P00165442,M,26-35,14,A,6,0,1,1,15,16,11846,1
1000071,P00115942,M,26-35,14,A,13,0,1,8,17,,7908,0
1000071,P00278642,M,26-35,14,A,10,0,1,5,,,5223,0
1000071,P00021742,M,26-35,14,A,10,0,1,5,,,6996,0
1000072,P00156442,F,46-50,0,B,13,1,1,8,,,7968,0
1000072,P00318742,F,46-50,0,B,6,1,1,1,8,,15426,1
1000073,P00351142,M,18-25,4,A,6,4,0,1,8,17,15900,1
1000073,P00074442,M,18-25,4,A,6,4,0,1,16,,11822,1
1000073,P00047242,M,18-25,4,A,6,4,0,1,5,,7802,0
1000073,P00199042,M,18-25,4,A,6,4,0,1,5,,15624,1
1000073,P00192542,M,18-25,4,A,6,4,0,1,2,9,15212,1
1000074,P00351142,M,36-45,14,A,6,2,1,1,8,17,15581,1
1000074,P00350042,M,36-45,14,A,11,2,1,6,8,,12409,1
1000075,P00248442,F,0-17,10,C,8,4,0,3,4,,13337,1
1000075,P00172842,F,0-17,10,C,8,4,0,3,4,,13667,1
1000075,P00198142,F,0-17,10,C,7,4,0,2,4,9,12746,1
1000075,P00282142,F,0-17,10,C,8,4,0,3,4,,5349,0
1000075,P00166942,F,0-17,10,C,7,4,0,2,4,5,16187,1
1000075,P00187742,F,0-17,10,C,7,4,0,2,4,,16320,1
1000075,P00003442,F,0-17,10,C,9,4,0,4,5,8,2129,0
1000075,P00060242,F,0-17,10,C,8,4,0,3,4,,11055,1
1000075,P00137642,F,0-17,10,C,8,4,0,3,4,12,11000,1
1000075,P00106742,F,0-17,10,C,8,4,0,3,5,,10578,1
1000076,P00126142,M,36-45,7,B,13,2,1,8,16,,7909,0
1000076,P00219842,M,36-45,7,B,10,2,1,5,,,7190,0
1000076,P00046142,M,36-45,7,B,6,2,1,1,16,,15393,1
1000076,P00338442,M,36-45,7,B,6,2,1,1,16,,11867,1
1000076,P00328142,M,36-45,7,B,13,2,1,8,16,,5973,0
1000077,P00255542,M,18-25,4,C,10,2,0,5,,,6909,0
1000077,P00250842,M,18-25,4,C,13,2,0,8,,,6144,0
1000077,P00260142,M,18-25,4,C,10,2,0,5,14,,5432,0
1000078,P0097142,F,46-50,1,C,17,0,1,12,,,1720,0
1000078,P00209842,F,46-50,1,C,10,0,1,5,8,,6852,0
1000078,P00212942,F,46-50,1,C,10,0,1,5,,,7061,0
1000078,P00283942,F,46-50,1,C,10,0,1,5,,,6868,0
1000078,P00303242,F,46-50,1,C,10,0,1,5,8,,8598,0
1000078,P00170442,F,46-50,1,C,10,0,1,5,,,3624,0
1000078,P00045842,F,46-50,1,C,10,0,1,5,14,,6986,0
1000078,P00040442,F,46-50,1,C,10,0,1,5,14,,6862,0
1000079,P00195842,F,46-50,0,A,8,1,0,3,4,8,7962,0
1000079,P00148642,F,46-50,0,A,11,1,0,6,10,13,15943,1
1000080,P00157542,M,55+,1,C,13,3,1,8,14,,9788,0
1000080,P00293242,M,55+,1,C,13,3,1,8,16,,9859,0
1000080,P00064042,M,55+,1,C,8,3,1,3,4,12,8248,0
1000081,P00344242,F,26-35,0,A,13,1,1,8,10,,10058,1
1000082,P00015542,M,26-35,17,C,6,2,1,1,2,13,8162,0
1000082,P00001642,M,26-35,17,C,13,2,1,8,16,,8045,0
1000083,P00105142,F,26-35,2,C,6,1,0,1,2,15,15584,1
1000083,P00251242,F,26-35,2,C,10,1,0,5,11,,8775,0
1000083,P00183442,F,26-35,2,C,6,1,0,1,2,,7996,0
1000083,P00199442,F,26-35,2,C,10,1,0,5,9,,6889,0
1000083,P00054542,F,26-35,2,C,6,1,0,1,2,3,11730,1
1000084,P00034742,M,18-25,4,C,10,1,0,5,14,17,5315,0
1000084,P00042242,M,18-25,4,C,10,1,0,5,15,,3497,0
1000084,P00277442,M,18-25,4,C,6,1,0,1,6,15,11896,1
1000084,P00163142,M,18-25,4,C,11,1,0,6,8,,20595,1
1000085,P00027142,M,18-25,4,C,13,1,0,8,,,5986,0
1000086,P00145042,F,0-17,10,C,6,3,0,1,2,5,19283,1
1000086,P00053942,F,0-17,10,C,6,3,0,1,2,5,19442,1
1000087,P00173342,M,26-35,14,C,6,2,0,1,6,14,4121,0
1000087,P00233342,M,26-35,14,C,6,2,0,1,15,16,3847,0
1000087,P00036842,M,26-35,14,C,6,2,0,1,14,16,4528,0
1000088,P00010842,F,46-50,1,C,13,1,1,8,16,,10022,1
1000088,P00120242,F,46-50,1,C,13,1,1,8,,,7809,0
1000088,P00313342,F,46-50,1,C,10,1,1,5,,,7019,0
1000089,P00223942,F,55+,9,C,10,1,1,5,8,,8804,0
1000089,P00362342,F,55+,9,C,10,1,1,5,,,1747,0
1000090,P00027542,M,55+,13,C,13,1,0,8,,,6122,0
1000090,P00051442,M,55+,13,C,13,1,0,8,17,,7824,0
1000090,P00234842,M,55+,13,C,10,1,0,5,6,16,8714,0
1000090,P00029242,M,55+,13,C,13,1,0,8,,,7786,0
1000090,P0097842,M,55+,13,C,10,1,0,5,,,6975,0
1000090,P00160942,M,55+,13,C,6,1,0,1,16,,15433,1
1000090,P00136542,M,55+,13,C,10,1,0,5,8,,3667,0
1000090,P00223242,M,55+,13,C,10,1,0,5,14,,5354,0
1000090,P00127942,M,55+,13,C,6,1,0,1,2,5,11605,1
1000090,P00248542,M,55+,13,C,13,1,0,8,16,,6078,0
1000090,P00145842,M,55+,13,C,9,1,0,4,5,,1463,0
1000090,P00214342,M,55+,13,C,10,1,0,5,,,2010,0
1000090,P00161542,M,55+,13,C,7,1,0,2,15,16,10009,1
1000090,P00001942,M,55+,13,C,10,1,0,5,,,7178,0
1000091,P00010842,M,36-45,7,C,13,3,1,8,16,,6013,0
1000091,P00220442,M,36-45,7,C,10,3,1,5,14,,8858,0
1000091,P00278642,M,36-45,7,C,10,3,1,5,,,5252,0
1000091,P00138542,M,36-45,7,C,10,3,1,5,6,,8771,0
1000092,P00317942,F,18-25,4,B,13,1,0,8,16,,7884,0
1000092,P00190042,F,18-25,4,B,8,1,0,3,4,5,13400,1
1000092,P00328042,F,18-25,4,B,13,1,0,8,14,,2233,0
1000092,P00370242,F,18-25,4,B,10,1,0,5,,,3545,0
1000092,P00340642,F,18-25,4,B,10,1,0,5,,,1868,0
1000092,P00358242,F,18-25,4,B,13,1,0,8,,,5916,0
1000092,P0096542,F,18-25,4,B,8,1,0,3,4,12,5780,0
1000092,P0096942,F,18-25,4,B,8,1,0,3,4,,5755,0
1000092,P00074142,F,18-25,4,B,8,1,0,3,4,12,3126,0
1000092,P00273442,F,18-25,4,B,17,1,0,12,14,17,1387,0
1000092,P00270042,F,18-25,4,B,13,1,0,8,14,,2114,0
1000092,P00255842,F,18-25,4,B,21,1,0,16,,,16416,1
1000092,P00223842,F,18-25,4,B,7,1,0,2,4,8,3460,0
1000092,P00014842,F,18-25,4,B,6,1,0,1,2,5,11449,1
1000092,P00274342,F,18-25,4,B,7,1,0,2,8,14,6434,0
1000093,P00199442,M,26-35,17,B,10,1,1,5,9,,7038,0
1000093,P00216342,M,26-35,17,B,8,1,1,3,4,5,11031,1
1000093,P00070542,M,26-35,17,B,8,1,1,3,15,,13293,1
1000093,P00112542,M,26-35,17,B,6,1,1,1,11,15,15895,1
1000093,P00346142,M,26-35,17,B,6,1,1,1,15,,19247,1
1000093,P00208742,M,26-35,17,B,6,1,1,1,6,16,8058,0
1000093,P00248942,M,26-35,17,B,6,1,1,1,6,14,11754,1
1000093,P00351142,M,26-35,17,B,6,1,1,1,8,17,12037,1
1000093,P00304442,M,26-35,17,B,6,1,1,1,16,,15479,1
1000093,P00014042,M,26-35,17,B,6,1,1,1,,,7836,0
1000093,P00028442,M,26-35,17,B,6,1,1,1,8,16,15901,1
1000093,P00155442,M,26-35,17,B,6,1,1,1,11,15,11533,1
1000093,P00133442,M,26-35,17,B,6,1,1,1,16,,11601,1
1000093,P00159842,M,26-35,17,B,6,1,1,1,16,,4251,0
1000093,P00019942,M,26-35,17,B,6,1,1,1,,,8289,0
1000093,P00366542,M,26-35,17,B,10,1,1,5,,,3612,0
1000094,P00117042,M,26-35,17,C,6,1,0,1,2,5,15482,1
1000095,P00141942,M,46-50,0,C,10,4,1,5,8,14,3746,0
1000095,P00003642,M,46-50,0,C,13,4,1,8,,,7857,0
1000096,P00117942,F,26-35,16,C,10,2,1,5,15,,7193,0
1000096,P00001742,F,26-35,16,C,13,2,1,8,14,,5857,0
1000097,P00209842,F,36-45,3,C,10,3,0,5,8,,7040,0
1000097,P00293742,F,36-45,3,C,13,3,0,8,,,7976,0
1000097,P00315442,F,36-45,3,C,6,3,0,1,,,11670,1
1000097,P00297642,F,36-45,3,C,13,3,0,8,,,6150,0
1000097,P00088542,F,36-45,3,C,10,3,0,5,12,14,6964,0
1000097,P00089042,F,36-45,3,C,18,3,0,13,,,940,0
1000097,P00175742,F,36-45,3,C,13,3,0,8,17,,9956,0
1000097,P00115942,F,36-45,3,C,13,3,0,8,17,,7773,0
1000099,P00317842,F,0-17,10,C,13,1,0,8,,,5935,0
1000099,P00334242,F,0-17,10,C,6,1,0,1,8,,18982,1
1000099,P00035542,F,0-17,10,C,8,1,0,3,4,12,10769,1
1000099,P00129542,F,0-17,10,C,13,1,0,8,14,,7821,0
1000099,P00234842,F,0-17,10,C,10,1,0,5,6,16,2007,0
1000100,P00057942,M,36-45,17,C,6,4,0,1,2,6,11612,1
1000100,P00037142,M,36-45,17,C,6,4,0,1,2,5,7824,0
1000100,P00059442,M,36-45,17,C,11,4,0,6,8,16,12486,1
1000101,P00278042,F,18-25,3,A,6,1,0,1,,,19464,1
1000101,P00154042,F,18-25,3,A,6,1,0,1,2,15,19027,1
1000101,P00014042,F,18-25,3,A,6,1,0,1,,,19394,1
1000101,P00262242,F,18-25,3,A,6,1,0,1,11,16,15871,1
1000102,P00010842,M,36-45,19,C,13,3,0,8,16,,9941,0
1000102,P00334242,M,36-45,19,C,6,3,0,1,8,,3829,0
1000102,P00337942,M,36-45,19,C,10,3,0,5,,,7108,0
1000102,P00274942,M,36-45,19,C,13,3,0,8,,,4102,0
1000102,P00229342,M,36-45,19,C,10,3,0,5,14,,2028,0
1000102,P00274242,M,36-45,19,C,6,3,0,1,,,8310,0
1000102,P00084642,M,36-45,19,C,18,3,0,13,16,,929,0
1000103,P00071242,M,46-50,7,B,6,2,1,1,15,16,15827,1
1000103,P00050442,M,46-50,7,B,6,2,1,1,8,13,15233,1
1000103,P0097342,M,46-50,7,B,6,2,1,1,15,16,15418,1
1000103,P00165442,M,46-50,7,B,6,2,1,1,15,16,15801,1
1000105,P00269542,M,46-50,12,C,16,1,1,11,15,,6073,0
1000105,P00045542,M,46-50,12,C,10,1,1,5,14,,6975,0
1000105,P00139742,M,46-50,12,C,13,1,1,8,16,,4039,0
1000105,P00332242,M,46-50,12,C,6,1,1,1,16,,11476,1
1000106,P00205442,F,36-45,11,C,10,4,0,5,8,14,7035,0
1000106,P00085542,F,36-45,11,C,10,4,0,5,14,,8645,0
1000106,P00112142,F,36-45,11,C,6,4,0,1,2,14,19703,1
1000107,P00323742,M,46-50,18,C,13,4,0,8,,,9753,0
1000107,P00183142,M,46-50,18,C,20,4,0,15,,,17403,1
1000107,P00344242,M,46-50,18,C,13,4,0,8,10,,3921,0
1000107,P00298242,M,46-50,18,C,13,4,0,8,,,5823,0
1000107,P00300942,M,46-50,18,C,21,4,0,16,,,12163,1
1000107,P0097142,M,46-50,18,C,17,4,0,12,,,1058,0
1000108,P00013942,M,26-35,12,C,10,3,0,5,,,2021,0
1000109,P00087042,M,46-50,15,C,15,1,1,10,14,16,19131,1
1000109,P00087342,M,46-50,15,C,10,1,1,5,14,16,6863,0
1000109,P00195642,M,46-50,15,C,10,1,1,5,,,7085,0
1000110,P00035842,M,26-35,2,B,10,4,0,5,6,9,6923,0
1000111,P00036842,M,36-45,15,C,6,3,0,1,14,16,15351,1
1000111,P00013942,M,36-45,15,C,10,3,0,5,,,5149,0
1000112,P00289942,M,26-35,16,C,8,3,1,3,4,5,13575,1
1000113,P00351142,M,18-25,12,C,6,2,0,1,8,17,19697,1
1000113,P00147342,M,18-25,12,C,20,2,0,15,16,,12790,1
1000114,P00350942,F,26-35,2,C,8,0,0,3,4,5,10930,1
1000114,P00176842,F,26-35,2,C,17,0,0,12,14,,1735,0
1000116,P00275842,M,26-35,17,C,7,2,1,2,9,15,16171,1
1000116,P00192542,M,26-35,17,C,6,2,1,1,2,9,15726,1
1000117,P00351342,M,26-35,17,A,6,2,1,1,2,16,8337,0
1000117,P00184142,M,26-35,17,A,13,2,1,8,14,,9756,0
1000117,P00317342,M,26-35,17,A,13,2,1,8,16,,8140,0
1000117,P00217242,M,26-35,17,A,6,2,1,1,15,,12009,1
1000117,P00014542,M,26-35,17,A,13,2,1,8,,,5959,0
1000117,P00021742,M,26-35,17,A,10,2,1,5,,,8649,0
1000117,P00358242,M,26-35,17,A,13,2,1,8,,,2018,0
1000117,P00335442,M,26-35,17,A,6,2,1,1,15,,7880,0
1000117,P0098342,M,26-35,17,A,6,2,1,1,2,,19446,1
1000117,P00079742,M,26-35,17,A,6,2,1,1,2,15,8300,0
1000117,P00143642,M,26-35,17,A,6,2,1,1,2,6,11893,1
1000117,P00251342,M,26-35,17,A,10,2,1,5,11,,5415,0
1000117,P00232342,M,26-35,17,A,16,2,1,11,,,2967,0
1000117,P00179042,M,26-35,17,A,16,2,1,11,,,4543,0
1000117,P00180942,M,26-35,17,A,16,2,1,11,,,1474,0
1000117,P00265742,M,26-35,17,A,10,2,1,5,12,,5417,0
1000118,P00194542,M,36-45,17,C,13,4,0,8,14,,8081,0
1000118,P00001742,M,36-45,17,C,13,4,0,8,14,,9712,0
1000118,P00127642,M,36-45,17,C,6,4,0,1,2,15,15909,1
1000118,P00355142,M,36-45,17,C,6,4,0,1,15,,15651,1
1000118,P00144642,M,36-45,17,C,6,4,0,1,15,16,15756,1
1000118,P00201342,M,36-45,17,C,6,4,0,1,2,9,8012,0
1000118,P00251942,M,36-45,17,C,6,4,0,1,2,5,11408,1
1000118,P00009342,M,36-45,17,C,6,4,0,1,16,,15492,1
1000118,P00345842,M,36-45,17,C,7,4,0,2,8,14,9569,0
1000118,P00191442,M,36-45,17,C,6,4,0,1,2,15,15687,1
1000118,P00223242,M,36-45,17,C,10,4,0,5,14,,5304,0
1000118,P00120342,M,36-45,17,C,10,4,0,5,17,,6923,0
1000119,P00330642,F,0-17,10,C,10,1,0,5,,,5277,0
1000119,P00238542,F,0-17,10,C,10,1,0,5,14,,7088,0
1000119,P0094942,F,0-17,10,C,9,1,0,4,8,,2122,0
1000119,P00068042,F,0-17,10,C,8,1,0,3,4,,5597,0
1000119,P00227642,F,0-17,10,C,6,1,0,1,5,14,15837,1
1000120,P00005042,M,26-35,11,C,11,0,0,6,16,,16128,1
1000121,P00102042,M,36-45,7,C,10,2,0,5,,,3627,0
1000121,P00059742,M,36-45,7,C,6,2,0,1,11,15,19498,1
1000122,P00142142,F,18-25,4,C,6,1,0,1,2,15,4530,0
1000123,P00248142,M,36-45,9,B,10,4,1,5,,,3639,0
1000123,P00279342,M,36-45,9,B,10,4,1,5,14,,5314,0
1000123,P00267542,M,36-45,9,B,6,4,1,1,16,,12111,1
1000123,P00217742,M,36-45,9,B,10,4,1,5,14,,3631,0
1000123,P00113242,M,36-45,9,B,6,4,1,1,6,8,19586,1
1000123,P00000642,M,36-45,9,B,6,4,1,1,6,16,18971,1
1000123,P00163342,M,36-45,9,B,11,4,1,6,8,,16456,1
1000123,P00116842,M,36-45,9,B,7,4,1,2,5,8,13009,1
1000123,P00036842,M,36-45,9,B,6,4,1,1,14,16,15635,1
1000123,P00278042,M,36-45,9,B,6,4,1,1,,,15181,1
1000123,P00348742,M,36-45,9,B,21,4,1,16,,,16379,1
1000123,P00061142,M,36-45,9,B,13,4,1,8,16,,6187,0
1000123,P00015942,M,36-45,9,B,11,4,1,6,10,13,16446,1
1000123,P00346542,M,36-45,9,B,15,4,1,10,13,16,14650,1
1000123,P00188742,M,36-45,9,B,13,4,1,8,14,17,7810,0
1000123,P00346942,M,36-45,9,B,6,4,1,1,5,,8143,0
1000123,P00212542,M,36-45,9,B,13,4,1,8,14,,4018,0
1000123,P00007042,M,36-45,9,B,6,4,1,1,,,11971,1
1000123,P00240242,M,36-45,9,B,6,4,1,1,15,16,8130,0
1000124,P00291042,M,55+,7,C,13,1,1,8,,,7904,0
1000125,P00244642,M,46-50,14,B,16,3,1,11,,,4497,0
1000125,P00090542,M,46-50,14,B,21,3,1,16,,,16498,1
1000125,P00274142,M,46-50,14,B,6,3,1,1,,,19234,1
1000125,P00266642,M,46-50,14,B,6,3,1,1,8,9,15253,1
1000125,P00182142,M,46-50,14,B,6,3,1,1,5,6,19064,1
1000125,P00270542,M,46-50,14,B,6,3,1,1,6,8,11647,1
1000126,P00087042,M,18-25,9,B,15,1,0,10,14,16,23233,1
1000126,P00121642,M,18-25,9,B,10,1,0,5,14,,3638,0
1000127,P00145042,F,46-50,3,C,6,1,1,1,2,5,19681,1
1000127,P00086442,F,46-50,3,C,13,1,1,8,13,15,5886,0
1000127,P00361842,F,46-50,3,C,20,1,1,15,16,,17320,1
1000127,P00057442,F,46-50,3,C,10,1,1,5,14,16,5332,0
1000127,P00078142,F,46-50,3,C,13,1,1,8,16,,7890,0
1000128,P00245642,M,55+,6,A,10,1,1,5,11,12,8629,0
1000129,P00037542,M,26-35,11,C,6,2,0,1,,,15383,1
1000129,P00049842,M,26-35,11,C,6,2,0,1,8,,15641,1
1000129,P00022942,M,26-35,11,C,10,2,0,5,8,,5298,0
1000129,P00000642,M,26-35,11,C,6,2,0,1,6,16,15525,1
1000129,P00183442,M,26-35,11,C,6,2,0,1,2,,19406,1
1000130,P00350442,M,36-45,17,B,7,3,1,2,3,15,3688,0
1000130,P00119542,M,36-45,17,B,13,3,1,8,14,,2209,0
1000130,P00025442,M,36-45,17,B,6,3,1,1,2,9,19706,1
1000130,P00080342,M,36-45,17,B,6,3,1,1,6,8,15907,1
1000130,P00127642,M,36-45,17,B,6,3,1,1,2,15,19062,1
1000130,P00127242,M,36-45,17,B,6,3,1,1,16,,15244,1
1000130,P00338542,M,36-45,17,B,6,3,1,1,,,19304,1
1000130,P00246142,M,36-45,17,B,6,3,1,1,15,17,19240,1
1000130,P00317642,M,36-45,17,B,6,3,1,1,2,17,19559,1
1000130,P00339542,M,36-45,17,B,6,3,1,1,,,19090,1
1000130,P00277442,M,36-45,17,B,6,3,1,1,6,15,15744,1
1000131,P00170642,M,18-25,4,C,10,4,0,5,8,,6886,0
1000131,P00115442,M,18-25,4,C,13,4,0,8,,,8075,0
1000131,P00212742,M,18-25,4,C,10,4,0,5,,,8801,0
1000131,P00209842,M,18-25,4,C,10,4,0,5,8,,8734,0
1000131,P00150742,M,18-25,4,C,13,4,0,8,14,,5936,0
1000131,P00154642,M,18-25,4,C,13,4,0,8,,,5945,0
1000131,P00109342,M,18-25,4,C,10,4,0,5,,,5418,0
1000131,P00162642,M,18-25,4,C,10,4,0,5,8,,6896,0
1000131,P00192542,M,18-25,4,C,6,4,0,1,2,9,7734,0
1000131,P00017042,M,18-25,4,C,13,4,0,8,,,8127,0
1000132,P00100842,M,26-35,17,C,10,1,0,5,,,8709,0
1000132,P00329442,M,26-35,17,C,10,1,0,5,8,,8678,0
1000132,P00303842,M,26-35,17,C,10,1,0,5,8,14,5463,0
1000132,P00045842,M,26-35,17,C,10,1,0,5,14,,3743,0
1000132,P00250242,M,26-35,17,C,10,1,0,5,,,8751,0
1000133,P00012542,F,26-35,0,C,10,1,1,5,14,,6954,0
1000133,P00152442,F,26-35,0,C,13,1,1,8,,,9972,0
1000133,P00058442,F,26-35,0,C,10,1,1,5,14,,7041,0
1000133,P00303842,F,26-35,0,C,10,1,1,5,8,14,8779,0
1000133,P00248342,F,26-35,0,C,13,1,1,8,13,,7797,0
1000134,P00218642,M,26-35,0,C,10,3,1,5,,,3622,0
1000134,P00125942,M,26-35,0,C,6,3,1,1,2,15,15783,1
1000134,P00241542,M,26-35,0,C,6,3,1,1,6,,3843,0
1000134,P00346442,M,26-35,0,C,6,3,1,1,2,14,3877,0
1000135,P00295942,M,18-25,4,C,7,1,1,2,5,15,16241,1
1000135,P00248942,M,18-25,4,C,6,1,1,1,6,14,19146,1
1000135,P00270142,M,18-25,4,C,10,1,1,5,,,3709,0
1000136,P0099042,M,18-25,2,B,10,3,0,5,12,14,8850,0
1000136,P00367142,M,18-25,2,B,16,3,0,11,,,1498,0
1000136,P00233342,M,18-25,2,B,6,3,0,1,15,16,4304,0
1000136,P00118842,M,18-25,2,B,10,3,0,5,8,,7031,0
1000136,P00034842,M,18-25,2,B,10,3,0,5,14,,1754,0
1000136,P00001142,M,18-25,2,B,10,3,0,5,8,14,3613,0
1000136,P00008842,M,18-25,2,B,6,3,0,1,16,,15563,1
1000136,P00222142,M,18-25,2,B,10,3,0,5,13,,7092,0
1000136,P00059442,M,18-25,2,B,11,3,0,6,8,16,16709,1
1000136,P00189842,M,18-25,2,B,8,3,0,3,4,5,5596,0
1000136,P00074142,M,18-25,2,B,8,3,0,3,4,12,8224,0
1000136,P00051942,M,18-25,2,B,10,3,0,5,6,11,6901,0
1000136,P00013742,M,18-25,2,B,10,3,0,5,,,5289,0
1000136,P00321742,M,18-25,2,B,10,3,0,5,8,17,5228,0
1000137,P00250842,F,46-50,6,C,13,4,1,8,,,8126,0
1000137,P00198742,F,46-50,6,C,6,4,1,1,2,11,11446,1
1000137,P00010742,F,46-50,6,C,6,4,1,1,8,17,15334,1
1000137,P00303342,F,46-50,6,C,6,4,1,1,16,,15739,1
1000137,P00004242,F,46-50,6,C,6,4,1,1,6,8,11809,1
1000137,P00173942,F,46-50,6,C,6,4,1,1,5,6,11814,1
1000137,P00058442,F,46-50,6,C,10,4,1,5,14,,6938,0
1000137,P00124642,F,46-50,6,C,21,4,1,16,,,16828,1
1000137,P00026042,F,46-50,6,C,13,4,1,8,14,17,8066,0
1000138,P00113242,M,18-25,20,C,6,1,1,1,6,8,19391,1
1000138,P00081142,M,18-25,20,C,11,1,1,6,8,14,12146,1
1000138,P00135742,M,18-25,20,C,11,1,1,6,8,,19977,1
1000139,P00329542,F,26-35,20,C,6,2,0,1,15,16,7773,0
1000139,P00249642,F,26-35,20,C,8,2,0,3,5,,8314,0
1000139,P00020142,F,26-35,20,C,12,2,0,7,,,21002,1
1000139,P00274942,F,26-35,20,C,13,2,0,8,,,9746,0
1000139,P00110842,F,26-35,20,C,6,2,0,1,2,5,15239,1
1000139,P00121342,F,26-35,20,C,6,2,0,1,5,18,15795,1
1000139,P00121642,F,26-35,20,C,10,2,0,5,14,,8778,0
1000139,P00159542,F,26-35,20,C,15,2,0,10,15,16,23595,1
1000139,P00115142,F,26-35,20,C,6,2,0,1,8,17,19117,1
1000139,P00044442,F,26-35,20,C,6,2,0,1,16,,15688,1
1000139,P00227542,F,26-35,20,C,18,2,0,13,,,928,0
1000139,P00127842,F,26-35,20,C,6,2,0,1,2,15,15311,1
1000139,P00241642,F,26-35,20,C,6,2,0,1,2,11,19621,1
1000139,P00226742,F,26-35,20,C,16,2,0,11,,,1558,0
1000140,P00062842,F,36-45,1,B,6,3,0,1,2,13,3843,0
1000140,P00084642,F,36-45,1,B,18,3,0,13,16,,770,0
1000142,P00192042,M,26-35,7,A,10,2,0,5,9,14,5267,0
1000142,P00002542,M,26-35,7,A,13,2,0,8,14,,4072,0
1000142,P00028842,M,26-35,7,A,11,2,0,6,8,,20214,1
1000142,P00184942,M,26-35,7,A,6,2,0,1,8,17,12025,1
1000142,P00025442,M,26-35,7,A,6,2,0,1,2,9,15212,1
1000143,P00250242,M,18-25,3,C,10,0,0,5,,,7170,0
1000143,P00184942,M,18-25,3,C,6,0,0,1,8,17,19662,1
1000143,P00284642,M,18-25,3,C,10,0,0,5,8,,6951,0
1000145,P00250342,M,18-25,4,C,21,4,0,16,,,16772,1
1000145,P00317842,M,18-25,4,C,13,4,0,8,,,5953,0
1000145,P00214142,M,18-25,4,C,13,4,0,8,,,9756,0
1000145,P00248342,M,18-25,4,C,13,4,0,8,13,,2159,0
1000146,P00248942,F,36-45,20,B,6,3,1,1,6,14,15659,1
1000146,P00188542,F,36-45,20,B,10,3,1,5,8,14,5247,0
1000146,P00081142,F,36-45,20,B,11,3,1,6,8,14,16004,1
1000146,P00088242,F,36-45,20,B,11,3,1,6,10,13,12053,1
1000146,P00223842,F,36-45,20,B,7,3,1,2,4,8,3489,0
1000146,P00121042,F,36-45,20,B,20,3,1,15,,,16616,1
1000146,P00027142,F,36-45,20,B,13,3,1,8,,,7968,0
1000146,P00114142,F,36-45,20,B,13,3,1,8,,,9932,0
1000146,P00116742,F,36-45,20,B,16,3,1,11,,,2944,0
1000146,P00289642,F,36-45,20,B,13,3,1,8,,,8057,0
1000146,P00118442,F,36-45,20,B,6,3,1,1,2,,15347,1
1000146,P00227742,F,36-45,20,B,10,3,1,5,14,,7110,0
1000146,P00127542,F,36-45,20,B,6,3,1,1,2,15,3836,0
1000146,P00010842,F,36-45,20,B,13,3,1,8,16,,9885,0
1000146,P00323942,F,36-45,20,B,13,3,1,8,15,,9832,0
1000146,P00101142,F,36-45,20,B,13,3,1,8,,,7892,0
1000146,P00203142,F,36-45,20,B,21,3,1,16,,,16813,1
1000146,P00112342,F,36-45,20,B,18,3,1,13,16,,959,0
1000146,P00129642,F,36-45,20,B,10,3,1,5,,,5381,0
1000146,P00178642,F,36-45,20,B,10,3,1,5,15,,7055,0
1000146,P00288442,F,36-45,20,B,10,3,1,5,14,,6866,0
1000146,P00274042,F,36-45,20,B,6,3,1,1,,,19177,1
1000146,P00091842,F,36-45,20,B,13,3,1,8,,,7805,0
1000146,P00320442,F,36-45,20,B,11,3,1,6,10,,8667,0
1000147,P00184942,M,18-25,4,B,6,4,0,1,8,17,19474,1
1000147,P00016042,M,18-25,4,B,6,4,0,1,16,,11916,1
1000147,P00214242,M,18-25,4,B,6,4,0,1,16,,7589,0
1000147,P00110742,M,18-25,4,B,6,4,0,1,2,8,15308,1
1000147,P00008542,M,18-25,4,B,7,4,0,2,8,,9614,0
1000147,P00352142,M,18-25,4,B,6,4,0,1,6,16,15387,1
1000147,P00150942,M,18-25,4,B,11,4,0,6,11,13,20585,1
1000148,P00184942,M,51-55,17,B,6,3,1,1,8,17,19031,1
1000148,P00118442,M,51-55,17,B,6,3,1,1,2,,15671,1
1000148,P00317442,M,51-55,17,B,6,3,1,1,8,,15289,1
1000148,P00063342,M,51-55,17,B,6,3,1,1,2,9,12101,1
1000148,P00042142,M,51-55,17,B,6,3,1,1,2,6,15383,1
1000148,P00047242,M,51-55,17,B,6,3,1,1,5,,19608,1
1000148,P00114542,M,51-55,17,B,10,3,1,5,,,1827,0
1000148,P00156742,M,51-55,17,B,10,3,1,5,6,8,1787,0
1000148,P00119242,M,51-55,17,B,23,3,1,18,,,2318,0
1000148,P00190742,M,51-55,17,B,8,3,1,3,4,9,8287,0
1000148,P00199442,M,51-55,17,B,10,3,1,5,9,,8812,0
1000148,P00193042,M,51-55,17,B,10,3,1,5,6,16,7114,0
1000148,P00327842,M,51-55,17,B,13,3,1,8,16,,7799,0
1000148,P00005042,M,51-55,17,B,11,3,1,6,16,,8657,0
1000148,P00057242,M,51-55,17,B,10,3,1,5,,,5375,0
1000148,P00074442,M,51-55,17,B,6,3,1,1,16,,11715,1
1000148,P00214342,M,51-55,17,B,10,3,1,5,,,7021,0
1000148,P00036542,M,51-55,17,B,9,3,1,4,5,,2141,0
1000148,P00181842,M,51-55,17,B,16,3,1,11,,,6053,0
1000148,P00304742,M,51-55,17,B,13,3,1,8,,,5955,0
1000149,P00109242,M,26-35,1,B,11,2,1,6,8,10,15969,1
1000149,P00289342,M,26-35,1,B,10,2,1,5,8,14,5267,0
1000149,P00213742,M,26-35,1,B,13,2,1,8,,,6151,0
1000149,P00293242,M,26-35,1,B,13,2,1,8,16,,6018,0
1000149,P00163842,M,26-35,1,B,13,2,1,8,,,6140,0
1000149,P00046142,M,26-35,1,B,6,2,1,1,16,,19091,1
1000149,P00028242,M,26-35,1,B,11,2,1,6,8,,20538,1
1000149,P00028542,M,26-35,1,B,11,2,1,6,8,14,16137,1
1000149,P00051442,M,26-35,1,B,13,2,1,8,17,,10024,1
1000149,P00100842,M,26-35,1,B,10,2,1,5,,,7047,0
1000149,P00184442,M,26-35,1,B,6,2,1,1,6,8,15571,1
1000149,P00345842,M,26-35,1,B,7,2,1,2,8,14,16235,1
1000149,P00323942,M,26-35,1,B,13,2,1,8,15,,9993,0
1000149,P00137542,M,26-35,1,B,6,2,1,1,8,16,15161,1
1000149,P00030842,M,26-35,1,B,6,2,1,1,2,15,7835,0
1000149,P00150342,M,26-35,1,B,13,2,1,8,14,,6188,0
1000149,P00369742,M,26-35,1,B,10,2,1,5,,,8752,0
1000149,P00069042,M,26-35,1,B,8,2,1,3,,,10715,1
1000149,P00277942,M,26-35,1,B,6,2,1,1,,,15210,1
1000149,P00283942,M,26-35,1,B,10,2,1,5,,,6998,0
1000149,P00207042,M,26-35,1,B,10,2,1,5,14,,7064,0
1000149,P00350342,M,26-35,1,B,6,2,1,1,6,,15165,1
1000150,P00294542,M,36-45,7,B,13,0,1,8,,,5865,0
1000150,P00174442,M,36-45,7,B,10,0,1,5,,,8697,0
1000150,P00033642,M,36-45,7,B,10,0,1,5,8,,8798,0
1000150,P00025442,M,36-45,7,B,6,0,1,1,2,9,15255,1
1000150,P00120042,M,36-45,7,B,6,0,1,1,2,,15697,1
1000150,P00086042,M,36-45,7,B,13,0,1,8,14,17,8009,0
1000150,P00198142,M,36-45,7,B,7,0,1,2,4,9,13272,1
1000150,P00057742,M,36-45,7,B,7,0,1,2,8,18,16061,1
1000150,P00101942,M,36-45,7,B,13,0,1,8,17,,7995,0
1000150,P00113342,M,36-45,7,B,6,0,1,1,8,17,15590,1
1000151,P00112142,F,26-35,20,A,6,1,1,1,2,14,12063,1
1000151,P00062842,F,26-35,20,A,6,1,1,1,2,13,11653,1
1000151,P00052642,F,26-35,20,A,10,1,1,5,14,,7011,0
1000151,P00021642,F,26-35,20,A,13,1,1,8,14,,6089,0
1000151,P00007342,F,26-35,20,A,13,1,1,8,14,,5844,0
1000151,P00154742,F,26-35,20,A,13,1,1,8,14,16,8124,0
1000151,P00016342,F,26-35,20,A,6,1,1,1,2,8,11977,1
1000151,P00141842,F,26-35,20,A,10,1,1,5,14,,7179,0
1000151,P00197442,F,26-35,20,A,13,1,1,8,14,,1990,0
1000151,P00048642,F,26-35,20,A,10,1,1,5,14,,5471,0
1000151,P00000642,F,26-35,20,A,6,1,1,1,6,16,15678,1
1000151,P00358742,F,26-35,20,A,10,1,1,5,,,6894,0
1000151,P00370342,F,26-35,20,A,13,1,1,8,,,7964,0
1000151,P00138542,F,26-35,20,A,10,1,1,5,6,,8707,0
1000151,P00031442,F,26-35,20,A,10,1,1,5,8,,8575,0
1000151,P00128242,F,26-35,20,A,10,1,1,5,12,14,7035,0
1000151,P00221342,F,26-35,20,A,6,1,1,1,2,5,11493,1
1000151,P00211142,F,26-35,20,A,10,1,1,5,,,5180,0
1000151,P00152742,F,26-35,20,A,10,1,1,5,,,7009,0
1000151,P00211042,F,26-35,20,A,10,1,1,5,,,5205,0
1000151,P00245642,F,26-35,20,A,10,1,1,5,11,12,7175,0
1000151,P00148342,F,26-35,20,A,10,1,1,5,,,7159,0
1000151,P00085242,F,26-35,20,A,13,1,1,8,14,17,6129,0
1000151,P00134342,F,26-35,20,A,10,1,1,5,,,7087,0
1000152,P00159942,M,18-25,4,A,10,3,0,5,,,8744,0
1000153,P00031642,M,0-17,10,C,10,0,0,5,,,8588,0
1000153,P00059442,M,0-17,10,C,11,0,0,6,8,16,20679,1
1000153,P00340642,M,0-17,10,C,10,0,0,5,,,8817,0
1000154,P00214242,M,51-55,20,A,6,4,1,1,16,,7821,0
1000154,P00105142,M,51-55,20,A,6,4,1,1,2,15,8144,0
1000154,P00262242,M,51-55,20,A,6,4,1,1,11,16,15257,1
1000154,P00307342,M,51-55,20,A,13,4,1,8,,,6139,0
1000155,P00205642,M,36-45,12,C,10,4,1,5,8,,6967,0
1000155,P00295942,M,36-45,12,C,7,4,1,2,5,15,6807,0
1000155,P00053942,M,36-45,12,C,6,4,1,1,2,5,7944,0
1000155,P00248142,M,36-45,12,C,10,4,1,5,,,5415,0
1000155,P00022542,M,36-45,12,C,10,4,1,5,,,1916,0
1000155,P00323842,M,36-45,12,C,7,4,1,2,8,,16208,1
1000155,P00252442,M,36-45,12,C,13,4,1,8,,,9795,0
1000156,P00304842,F,46-50,7,C,13,4,1,8,,,9872,0
1000156,P00002542,F,46-50,7,C,13,4,1,8,14,,6010,0
1000156,P00240142,F,46-50,7,C,10,4,1,5,,,7141,0
1000157,P00140042,M,36-45,16,A,6,1,0,1,16,,15544,1
1000157,P00028442,M,36-45,16,A,6,1,0,1,8,16,7762,0
1000157,P00289042,M,36-45,16,A,13,1,0,8,,,7948,0
1000157,P00141442,M,36-45,16,A,13,1,0,8,14,,6123,0
1000157,P00345742,M,36-45,16,A,6,1,0,1,2,15,11475,1
1000157,P00065342,M,36-45,16,A,7,1,0,2,15,,6368,0
1000157,P00298142,M,36-45,16,A,10,1,0,5,8,,6962,0
1000157,P00177942,M,36-45,16,A,10,1,0,5,8,,3522,0
1000157,P00223242,M,36-45,16,A,10,1,0,5,14,,5185,0
1000157,P00105942,M,36-45,16,A,10,1,0,5,,,5474,0
1000157,P00111542,M,36-45,16,A,7,1,0,2,17,,12920,1
1000158,P00347242,M,55+,7,C,13,2,1,8,,,9703,0
1000158,P00111542,M,55+,7,C,7,2,1,2,17,,13324,1
1000159,P00277642,F,46-50,0,A,7,1,1,2,3,10,12828,1
1000160,P00198042,M,36-45,7,C,16,3,0,11,16,,4681,0
1000160,P00327842,M,36-45,7,C,13,3,0,8,16,,5881,0
1000161,P00086042,M,46-50,16,C,13,4,1,8,14,17,8108,0
1000161,P00111542,M,46-50,16,C,7,4,1,2,17,,16122,1
1000161,P00024042,M,46-50,16,C,12,4,1,7,,,20915,1
1000161,P00313342,M,46-50,16,C,10,4,1,5,,,8689,0
1000161,P00064942,M,46-50,16,C,13,4,1,8,,,10062,1
1000161,P00112442,M,46-50,16,C,11,4,1,6,8,,16272,1
1000161,P00205442,M,46-50,16,C,10,4,1,5,8,14,6875,0
1000161,P00312942,M,46-50,16,C,13,4,1,8,14,,9821,0
1000161,P00289942,M,46-50,16,C,8,4,1,3,4,5,13717,1
1000161,P00304442,M,46-50,16,C,6,4,1,1,16,,15378,1
1000161,P00125742,M,46-50,16,C,13,4,1,8,,,10040,1
1000161,P00285742,M,46-50,16,C,13,4,1,8,,,8065,0
1000162,P00004842,F,18-25,4,C,8,4,0,3,4,12,5711,0
1000162,P00249142,F,18-25,4,C,10,4,0,5,,,7059,0
1000162,P00338442,F,18-25,4,C,6,4,0,1,16,,11808,1
1000162,P00351142,F,18-25,4,C,6,4,0,1,8,17,19091,1
1000162,P00010242,F,18-25,4,C,10,4,0,5,,,8844,0
1000163,P00014742,M,18-25,4,A,16,1,0,11,,,1534,0
1000163,P00079442,M,18-25,4,A,13,1,0,8,,,3923,0
1000163,P00283942,M,18-25,4,A,10,1,0,5,,,3506,0
1000163,P00208942,M,18-25,4,A,11,1,0,6,,,4000,0
1000163,P00028242,M,18-25,4,A,11,1,0,6,8,,4597,0
1000163,P00340642,M,18-25,4,A,10,1,0,5,,,3460,0
1000163,P00322342,M,18-25,4,A,10,1,0,5,14,,3611,0
1000163,P00309142,M,18-25,4,A,6,1,0,1,16,,8305,0
1000163,P00270942,M,18-25,4,A,6,1,0,1,2,15,12017,1
1000163,P00305142,M,18-25,4,A,6,1,0,1,,,11575,1
1000163,P00019342,M,18-25,4,A,6,1,0,1,6,15,11374,1
1000163,P00128042,M,18-25,4,A,6,1,0,1,5,18,15312,1
1000163,P00345642,M,18-25,4,A,6,1,0,1,15,16,8067,0
1000163,P00229742,M,18-25,4,A,6,1,0,1,16,,11635,1
1000163,P00194642,M,18-25,4,A,6,1,0,1,6,13,8081,0
1000163,P00206442,M,18-25,4,A,6,1,0,1,5,9,3931,0
1000163,P00149542,M,18-25,4,A,6,1,0,1,6,13,4145,0
1000163,P00138242,M,18-25,4,A,6,1,0,1,,,3916,0
1000163,P00035242,M,18-25,4,A,13,1,0,8,14,,4012,0
1000163,P00135842,M,18-25,4,A,10,1,0,5,14,,3759,0
1000163,P00035742,M,18-25,4,A,16,1,0,11,,,2952,0
1000163,P00276642,M,18-25,4,A,13,1,0,8,11,,4152,0
1000163,P00019142,M,18-25,4,A,16,1,0,11,15,,3068,0
1000163,P00137642,M,18-25,4,A,8,1,0,3,4,12,5697,0
1000165,P00110942,M,18-25,16,A,6,1,0,1,2,,11516,1
1000165,P00005042,M,18-25,16,A,11,1,0,6,16,,19928,1
1000165,P00188442,M,18-25,16,A,10,1,0,5,7,,6873,0
1000165,P00329542,M,18-25,16,A,6,1,0,1,15,16,15879,1
1000165,P00346342,M,18-25,16,A,6,1,0,1,15,,11400,1
1000166,P00184942,M,18-25,4,B,6,1,1,1,8,17,12006,1
1000166,P00111042,M,18-25,4,B,20,1,1,15,,,16856,1
1000166,P00046742,M,18-25,4,B,6,1,1,1,2,15,15470,1
1000166,P00028842,M,18-25,4,B,11,1,1,6,8,,15956,1
1000166,P00238442,M,18-25,4,B,11,1,1,6,,,19966,1
1000166,P00270242,M,18-25,4,B,13,1,1,8,,,7786,0
1000166,P00073842,M,18-25,4,B,6,1,1,1,15,17,15454,1
1000166,P00197342,M,18-25,4,B,6,1,1,1,2,,7924,0
1000166,P00318142,M,18-25,4,B,7,1,1,2,,,9752,0
1000166,P00015542,M,18-25,4,B,6,1,1,1,2,13,11513,1
1000166,P00184142,M,18-25,4,B,13,1,1,8,14,,8115,0
1000166,P00034742,M,18-25,4,B,10,1,1,5,14,17,8843,0
1000166,P00049642,M,18-25,4,B,13,1,1,8,14,,9849,0
1000166,P00303642,M,18-25,4,B,13,1,1,8,14,,9812,0
1000166,P00071442,M,18-25,4,B,20,1,1,15,17,,16651,1
1000166,P00226442,M,18-25,4,B,16,1,1,11,15,,3172,0
1000166,P00110542,M,18-25,4,B,13,1,1,8,,,9942,0
1000166,P00014542,M,18-25,4,B,13,1,1,8,,,5966,0
1000166,P0098542,M,18-25,4,B,13,1,1,8,,,6182,0
1000166,P00231142,M,18-25,4,B,10,1,1,5,8,,5280,0
1000166,P00031542,M,18-25,4,B,10,1,1,5,,,5346,0
1000166,P00258742,M,18-25,4,B,10,1,1,5,,,8902,0
1000169,P00288042,M,26-35,7,B,13,3,0,8,,,7999,0
1000169,P00119142,M,26-35,7,B,8,3,0,3,4,12,5423,0
1000169,P00053842,M,26-35,7,B,9,3,0,4,5,12,1460,0
1000169,P00176042,M,26-35,7,B,13,3,0,8,17,,6146,0
1000169,P00116142,M,26-35,7,B,15,3,0,10,13,16,9732,0
1000169,P00089442,M,26-35,7,B,13,3,0,8,,,7861,0
1000169,P00128942,M,26-35,7,B,6,3,0,1,11,,15419,1
1000169,P00085442,M,26-35,7,B,17,3,0,12,14,,1434,0
1000169,P00322042,M,26-35,7,B,10,3,0,5,8,,6971,0
1000169,P00021742,M,26-35,7,B,10,3,0,5,,,7034,0
1000169,P00136542,M,26-35,7,B,10,3,0,5,8,,7013,0
1000169,P00139942,M,26-35,7,B,10,3,0,5,,,6898,0
1000169,P00194442,M,26-35,7,B,10,3,0,5,,,5139,0
1000169,P00100642,M,26-35,7,B,10,3,0,5,15,,5429,0
1000169,P00178442,M,26-35,7,B,10,3,0,5,,,5187,0
1000169,P00259342,M,26-35,7,B,10,3,0,5,9,,8655,0
1000169,P00251342,M,26-35,7,B,10,3,0,5,11,,5432,0
1000169,P00119742,M,26-35,7,B,10,3,0,5,8,12,7019,0
1000169,P00100842,M,26-35,7,B,10,3,0,5,,,6897,0
1000169,P00279642,M,26-35,7,B,12,3,0,7,,,8466,0
1000169,P00271142,M,26-35,7,B,10,3,0,5,,,8698,0
1000169,P00316742,M,26-35,7,B,9,3,0,4,5,,2750,0
1000169,P00285742,M,26-35,7,B,13,3,0,8,,,8015,0
1000169,P00193542,M,26-35,7,B,6,3,0,1,2,,19252,1
1000169,P00329342,M,26-35,7,B,10,3,0,5,,,5446,0
1000169,P00048142,M,26-35,7,B,6,3,0,1,16,,15800,1
1000169,P00042942,M,26-35,7,B,6,3,0,1,15,,15851,1
1000169,P00241242,M,26-35,7,B,6,3,0,1,11,15,15402,1
1000169,P00250542,M,26-35,7,B,9,3,0,4,5,,1454,0
1000170,P00111142,M,26-35,11,C,6,1,1,1,15,16,19696,1
1000170,P00113342,M,26-35,11,C,6,1,1,1,8,17,15745,1
1000171,P00100442,F,51-55,17,B,7,1,1,2,4,5,16018,1
1000172,P00346542,M,26-35,3,C,15,2,0,10,13,16,14070,1
1000173,P00084642,M,26-35,0,B,18,1,1,13,16,,759,0
1000173,P00279142,M,26-35,0,B,12,1,1,7,,,16590,1
1000173,P00028842,M,26-35,0,B,11,1,1,6,8,,20537,1
1000173,P00256542,M,26-35,0,B,11,1,1,6,13,,12662,1
1000173,P00272042,M,26-35,0,B,13,1,1,8,14,,9960,0
1000173,P00057642,M,26-35,0,B,6,1,1,1,15,16,15351,1
1000173,P00126142,M,26-35,0,B,13,1,1,8,16,,10013,1
1000173,P00348542,M,26-35,0,B,6,1,1,1,16,,11598,1
1000173,P00304442,M,26-35,0,B,6,1,1,1,16,,11563,1
1000173,P00370242,M,26-35,0,B,10,1,1,5,,,7184,0
1000173,P00310242,M,26-35,0,B,12,1,1,7,,,12739,1
1000173,P00350542,M,26-35,0,B,13,1,1,8,17,,6085,0
1000173,P00318942,M,26-35,0,B,13,1,1,8,16,,5909,0
1000173,P00323742,M,26-35,0,B,13,1,1,8,,,9786,0
1000173,P00150142,M,26-35,0,B,13,1,1,8,,,10074,1
1000173,P00062742,M,26-35,0,B,13,1,1,8,17,,8051,0
1000173,P00367042,M,26-35,0,B,13,1,1,8,,,8062,0
1000173,P00070042,M,26-35,0,B,6,1,1,1,2,16,7861,0
1000173,P00129642,M,26-35,0,B,10,1,1,5,,,5173,0
1000173,P00211942,M,26-35,0,B,13,1,1,8,,,9825,0
1000173,P00213742,M,26-35,0,B,13,1,1,8,,,10064,1
1000173,P00252842,M,26-35,0,B,13,1,1,8,,,9845,0
1000173,P00341342,M,26-35,0,B,6,1,1,1,8,17,19472,1
1000173,P00117342,M,26-35,0,B,6,1,1,1,8,13,11693,1
1000173,P00050242,M,26-35,0,B,13,1,1,8,,,8053,0
1000173,P00039942,M,26-35,0,B,13,1,1,8,,,6078,0
1000173,P00044342,M,26-35,0,B,13,1,1,8,,,5962,0
1000174,P00062842,M,26-35,16,C,6,2,0,1,2,13,15828,1
1000174,P00332242,M,26-35,16,C,6,2,0,1,16,,15864,1
1000174,P00112542,M,26-35,16,C,6,2,0,1,11,15,15864,1
1000174,P00113342,M,26-35,16,C,6,2,0,1,8,17,19396,1
1000174,P00145042,M,26-35,16,C,6,2,0,1,2,5,11457,1
1000174,P00090942,M,26-35,16,C,6,2,0,1,2,14,11823,1
1000174,P00048142,M,26-35,16,C,6,2,0,1,16,,15267,1
1000175,P00302742,F,26-35,2,B,13,1,0,8,,,9805,0
1000175,P00286842,F,26-35,2,B,10,1,0,5,8,,8766,0
1000175,P00102342,F,26-35,2,B,13,1,0,8,14,17,7918,0
1000175,P00274942,F,26-35,2,B,13,1,0,8,,,9995,0
1000175,P00104542,F,26-35,2,B,13,1,0,8,,,8113,0
1000175,P00360042,F,26-35,2,B,13,1,0,8,,,9749,0
1000175,P00085542,F,26-35,2,B,10,1,0,5,14,,6919,0
1000175,P00307642,F,26-35,2,B,10,1,0,5,6,,1772,0
1000175,P00052842,F,26-35,2,B,15,1,0,10,15,,23341,1
1000175,P00057542,F,26-35,2,B,8,1,0,3,4,5,10604,1
1000175,P00064042,F,26-35,2,B,8,1,0,3,4,12,10681,1
